大カテゴリ	小カテゴリ	条文No（判例）	問題文	解答1	解答2	解答3	解答4
憲法	統治機構	憲法第41条	国会は、国権の{0}であつて、国の唯一の{1}である。	最高機関	立法機関		
憲法	統治機構	憲法第51条	両議院の議員は、議院で行つた演説、討論又は{0}について、{1}で責任を問はれない。	表決	院外		
憲法	統治機構	憲法第54条2項	衆議院が解散されたときは、参議院は、同時に{0}となる。但し、{1}は、国に緊急の必要があるときは、{2}を求めることができる。	閉会	内閣	参議院の緊急集会	
憲法	統治機構	憲法第56条1項	両議院は、各々その総議員の{0}の出席がなければ、議事を開き議決することができない。	3分の1以上			
憲法	統治機構	憲法第56条2項	両議院の議事は、この憲法に特別の定のある場合を除いては、出席議員の{0}でこれを決し、可否同数のときは、{1}の決するところによる。	過半数	議長		
憲法	統治機構	憲法第58条	両議院は、各々その会議その他の手続及び内部の規律に関する{0}を定め、又、院内の秩序をみだした議員を{1}することができる。但し、議員を除名するには、出席議員の{2}の多数による議決を必要とする。	規則	懲罰	3分の2以上	
憲法	内閣	憲法第66条	内閣は、法律の定めるところにより、その{0}たる内閣総理大臣及びその他の国務大臣でこれを組織する。内閣総理大臣その他の国務大臣は、{1}でなければならない。内閣は、行政権の行使について、国会に対し{2}責任を負ふ。	首長	文民	連帯して	
憲法	内閣	憲法第67条	内閣総理大臣は、{0}の中から{1}の議決で、これを指名する。	国会議員	国会		
憲法	内閣	憲法第69条	内閣は、{0}で不信任の決議案を可決し、又は信任の決議案を否決したときは、{1}日以内に{0}が解散されない限り、{2}をしなければならない。	衆議院	10	総辞職	
憲法	内閣	憲法第70条	{0}が欠けたとき、又は{1}の後に初めて国会の召集があつたときは、内閣は、総辞職をしなければならない。	内閣総理大臣	衆議院議員総選挙		
憲法	内閣	憲法第72条	内閣総理大臣は、内閣を代表して{0}を国会に提出し、一般国務及び外交関係について国会に報告し、並びに行政各部を{1}する。	議案	指揮監督		
憲法	裁判所	憲法第76条1項・2項	すべて{0}は、最高裁判所及び法律の定めるところにより設置する下級裁判所に属する。{1}は、これを設置することができない。行政機関は、{2}として裁判を行ふことができない。	司法権	特別裁判所	終審	
憲法	裁判所	憲法第76条3項	すべて裁判官は、その{0}に従ひ{1}してその職権を行ひ、この憲法及び法律にのみ拘束される。	良心	独立		
憲法	裁判所	憲法第78条	裁判官は、裁判により、{0}のために職務を執ることができないと決定された場合を除いては、{1}によらなければ罷免されない。裁判官の懲戒処分は、{2}がこれを行ふことはできない。	心身の故障	公の弾劾	行政機関	
憲法	裁判所	憲法第79条	最高裁判所の裁判官の任命は、その任命後初めて行はれる{0}の際国民の{1}に付し、その後{2}を経過した後初めて行はれる{0}の際更に{1}に付する。	衆議院議員総選挙	審査	10年	
憲法	裁判所	憲法第82条2項	裁判所が、裁判官の{0}で、公の秩序又は善良の風俗を害する虞があると決した場合には、{1}は、公開しないでこれを行ふことができる。但し、{2}、出版に関する犯罪又はこの憲法第3章で保障する国民の権利が問題となつてゐる事件の{1}は、常にこれを公開しなければならない。	全員一致	対審	政治犯罪	
憲法	裁判所	憲法第81条	最高裁判所は、一切の法律、命令、規則又は処分が{0}に適合するかしないかを決定する権限を有する{1}である。	憲法	終審裁判所		
憲法	財政	憲法第83条	国の{0}を処理する権限は、国会の議決に基いて、これを行使しなければならない。	財政			
憲法	財政	憲法第84条	あらたに{0}を課し、又は現行の租税を変更するには、法律又は法律の定める条件によることを必要とする。	租税			
憲法	財政	憲法第86条	{0}は、毎会計年度の予算を作成し、国会に提出して、その審議を受け{1}を経なければならない。	内閣	議決		
憲法	財政	憲法第87条	予見し難い予算の不足に充てるため、国会の議決に基いて{0}を設け、内閣の責任でこれを支出することができる。すべて{0}の支出については、内閣は、事後に{1}を得なければならない。	予備費	国会の承諾		
憲法	財政	憲法第89条	公金その他の公の財産は、{0}上の組織若しくは団体の使用、便益若しくは維持のため、又は{1}に属しない慈善、教育若しくは博愛の事業に対し、これを支出し、又はその利用に供してはならない。	宗教	公の支配		
憲法	財政	憲法第90条	国の収入支出の決算は、すべて毎年{0}がこれを検査し、{1}は、次の年度に、その検査報告とともに、これを国会に提出しなければならない。	会計検査院	内閣		
憲法	憲法改正	憲法第96条1項	この憲法の改正は、各議院の総議員の{0}の賛成で、国会が、これを{1}し、国民に提案してその承認を経なければならない。この承認には、特別の国民投票又は国会の定める選挙の際行はれる投票において、その{2}の賛成を必要とする。	3分の2以上	発議	過半数	
憲法	憲法改正	憲法第96条2項	憲法改正について前項の承認を経たときは、天皇は、{0}の名で、この憲法と一体を成すものとして、直ちにこれを{1}する。	国民	公布		
憲法	基本的人権	憲法第13条	すべて国民は、{0}として尊重される。生命、自由及び{1}に対する国民の権利については、{2}の福祉に反しない限り、最大の尊重を必要とする。	個人	幸福追求	公共	
憲法	基本的人権	憲法第14条	すべて国民は、法の下に{0}であつて、人種、信条、性別、社会的身分又は{1}により、政治的、経済的又は社会的関係において、{2}されない。	平等	門地	差別	
憲法	基本的人権	憲法第19条	何人も、{0}良心の自由は、これを{1}してはならない。	思想及び	侵		
憲法	基本的人権	憲法第21条	集会、結社及び{0}、出版その他一切の{1}の自由は、これを保障する。	言論	表現		
憲法	基本的人権	憲法第25条	すべて国民は、{0}で文化的な{1}の生活を営む権利を有する。	健康	最低限度		
憲法	基本的人権	憲法第26条	すべて国民は、法律の定めるところにより、その能力に応じて、ひとしく{0}を受ける権利を有する。	教育			
憲法	基本的人権	憲法第31条	何人も、法律の定める手続によらなければ、その生命若しくは{0}を奪はれ、又はその他の{1}を科せられない。	自由	刑罰		
憲法	人権判例	最大判昭45.6.24（八幡製鉄事件）	【判例】憲法上の選挙権その他のいわゆる{0}が自然人たる国民にのみ認められたものであることは所論のとおりである。しかし、憲法第3章に定める国民の権利および義務の各条項は、性質上可能なかぎり、内国の{1}にも適用されるものと解すべきであるから、会社は、国や{2}の特定の政策を支持、推進しまたは反対するなどの政治的行為をなす自由を有する。	参政権	法人	政党	
憲法	人権判例	最判平8.3.19（南九州税理士会事件）	【判例】税理士会は、法及び会則所定の方式による{0}原理により決定された団体の意思に基づいて活動する。しかし、法が税理士会を{1}の法人としている以上、その構成員である会員には、様々の{2}及び主義・主張を有する者が存在することが当然に予定されている。	多数決	強制加入	思想・信条	
憲法	人権判例	最大判昭53.10.4（マクリーン事件）	【判例】憲法第3章の諸規定による基本的人権の保障は、{0}上日本国民のみをその対象としていると解されているものを除き、わが国に在留する外国人に対しても等しく及ぶものと解すべきである。	権利の性質			
憲法	人権判例	最大判昭44.12.24（京都府学連事件）	【判例】個人の私生活上の自由の一つとして、何人も、その承諾なしに、みだりにその容ぼう・姿態を撮影されない自由を有する。これを{0}と称するかどうかは別として、警察官が正当な理由もないのに個人の容ぼう等を撮影することは、憲法13条の趣旨に反し許されない。	肖像権			
憲法	人権判例	最判昭56.4.14（前科照会事件）	【判例】前科及び犯罪経歴は人の{0}、信用に直接にかかわる事項であり、前科等のある者もこれをみだりに公開されないという{1}利益を有する。市区町村長が漫然と弁護士会の照会に応じ、犯罪の種類、{2}を問わず、前科等のすべてを報告することは、{3}にあたる。	名誉	法律上の保護に値する	軽重	公権力の違法な行使
憲法	人権判例	最大決平25.9.4（非嫡出子相続分事件）	【判例】{0}という制度自体はわが国に定着しているとしても、父母が{1}関係になかったという子にとっては自ら選択ないし修正する余地のない事柄を理由としてその子に不利益を及ぼすことは許されず、子を{2}として尊重し、その権利を保障すべきであるという考えが確立されてきている。	法律婚	婚姻	個人	
憲法	人権判例	最大判昭31.7.4（謝罪広告強制事件）	【判例】謝罪広告を命ずる判決にも、これを命ずる場合の執行が債務者の意思のみに係る不代替作為として{0}によるを相当とするものもあるが、単に事態の真相を告白し{1}を表明するに止まる程度のものにあっては、代替作為として強制執行しうる。	間接強制	陳謝の意		
憲法	人権判例	最大判昭52.7.13（津地鎮祭事件）	【判例】政教分離規定は、いわゆる{0}の規定であって、信教の自由そのものを直接保障するものではなく、{1}に信教の自由の保障を確保しようとするものである。憲法20条3項にいう宗教的活動とは、当該行為の{2}が宗教的意義をもち、その{3}が宗教に対する援助、助長、促進又は圧迫、干渉等になるような行為をいう。	制度的保障	間接的	目的	効果
憲法	人権判例	最大決昭44.11.26（博多駅事件）	【判例】報道機関の報道は、{0}社会において、国民が国政に関与するにつき重要な判断の資料を提供し、国民の「{1}」に奉仕するものである。報道が正しい内容をもつためには、報道の自由とともに、報道のための{2}の自由も、憲法21条の精神に照らし十分尊重に値いする。	民主主義	知る権利	取材	
憲法	人権判例	最大判昭59.12.12（税関検査事件）	【判例】憲法21条2項にいう「検閲」とは、{0}が主体となって、{1}等の表現物を対象とし、その全部又は一部の発表の禁止を目的として、対象とされる一定の表現物につき{2}一般的に、発表前にその内容を審査した上、不適当と認めるものの発表を禁止することを、その特質として備えるものを指す。	行政権	思想内容	網羅的	
憲法	人権判例	最大判昭38.5.22（ポポロ事件）	【判例】憲法23条の学問の自由は、{0}の自由とその{1}の自由とを含むものであって、特に{2}におけるそれらの自由を保障することを趣旨としたものである。	学問的研究	研究結果の発表	大学	
憲法	人権判例	最大判昭47.11.22（小売市場事件）	【判例】個人の経済活動に対する法的規制は、{0}に弊害を除去ないし緩和するために必要かつ合理的な規制であり、憲法は全体として{1}理想のもとに社会経済の均衡のとれた調和的発展を企図しており、すべての国民にいわゆる{2}を保障している。	消極的	福祉国家的	生存権	
憲法	人権判例	最大判昭50.4.30（薬局距離制限事件）	【判例】一般に{0}は、狭義における職業の{1}の自由そのものに制約を課すもので、職業の自由に対する強力な制限である。それが社会政策上の{2}な目的のための措置ではなく、消極的、{3}措置である場合には、よりゆるやかな制限では目的を十分に達成できないと認められることを要する。	許可制	選択	積極的	警察的
憲法	人権判例	最大判昭62.4.22（森林法共有林事件）	【判例】財産権は、それ自体に{0}する制約があるほか、立法府が社会全体の利益を図るために加える規制により制約を受ける。規制目的が{1}に合致しないことが明らかであるか、又は規制手段が必要性若しくは合理性に欠けていることが明らかである場合に限り、当該規制立法の効力を否定することができる。	内在	公共の福祉		
憲法	人権判例	最大判昭37.11.28（第三者所有物没収事件）	【判例】第三者の所有物を没収する場合、所有物を没収せられる第三者についても、{0}、弁解、防禦の機会を与えることが必要であって、これなくして第三者の所有物を没収することは、{1}な法律手続によらないで、{2}を侵害する制裁を科するに外ならない。	告知	適正	財産権	
憲法	人権判例	最大判平4.7.1（成田新法事件）	【判例】憲法31条の定める{0}の保障は、直接には{1}に関するものであるが、{2}については、それが{1}ではないとの理由のみで、そのすべてが当然に同条による保障の枠外にあると判断することは相当ではない。	法定手続	刑事手続	行政手続	
憲法	人権判例	最大判昭47.11.22（川崎民商事件）	【判例】憲法35条1項の規定は、本来、主として{0}追及の手続における強制について、それが{1}による事前の抑制の下におかれるべきことを保障した趣旨であるが、当該手続が{0}追及を目的とするものでないとの理由のみで、その保障の枠外にあると判断することは相当ではない。	刑事責任	司法権		
憲法	人権判例	最大判昭42.5.24（朝日訴訟）	【判例】憲法25条1項の規定は、すべての国民が健康で{0}な最低限度の生活を営み得るように国政を運営すべきことを国の責務として宣言したにとどまり、直接個々の国民に対して{1}権利を賦与したものではない。{1}権利としては、{2}によってはじめて与えられている。	文化的	具体的	生活保護法	
憲法	人権判例	最大判昭57.7.7（堀木訴訟）	【判例】憲法25条の規定の趣旨にこたえて具体的にどのような{0}措置を講ずるかの選択決定は、{1}の広い{2}にゆだねられており、それが著しく合理性を欠き明らかに{2}の逸脱・濫用と見ざるをえないような場合を除き、裁判所が審査判断するのに適しない事柄である。	立法	立法府	裁量	
憲法	人権判例	最大判昭35.6.8（苫米地事件）	【判例】わが憲法の{0}の制度の下においても、直接{1}の基本に関する高度に政治性のある国家行為のごときは、裁判所の審査権の外にあり、その判断は主権者たる国民に対して{2}責任を負うところの政府、国会等の政治部門の判断に委される。	三権分立	国家統治	政治的	
憲法	人権判例	最判昭52.3.15（富山大学事件）	【判例】一般市民社会の中にあってこれとは別個に{0}な法規範を有する特殊な{1}における法律上の係争のごときは、それが一般市民法秩序と直接の関係を有しない{2}な問題にとどまる限り、{3}の司法審査の対象にはならない。	自律的	部分社会	内部的	裁判所
憲法	人権判例	最判昭63.12.20（共産党袴田事件）	【判例】政党が党員に対してした処分の当否は、右政党の{0}に定めた規範が{1}に反するなどの特段の事情のない限り右規範に照らし、右規範を有しないときは{2}に基づき、{3}な手続に則ってされたか否かによって決すべきである。	自律的	公序良俗	条理	適正
憲法	人権判例	最大判昭27.10.8（警察予備隊違憲訴訟）	【判例】わが裁判所が現行の制度上与えられているのは{0}を行う権限であり、{0}が発動するためには{1}な争訟事件が提起されることを必要とする。我が裁判所は{2}な判断を下すごとき権限を行い得るものではない。最高裁判所は法律命令等に関し{3}を有するが、この権限は{0}の範囲内において行使される。	司法権	具体的	抽象的	違憲審査権
憲法	人権判例	最大判昭34.12.16（砂川事件）	【判例】本件安全保障条約は、{0}国としてのわが国の存立の基礎に極めて重大な関係をもつ高度の政治性を有するものであって、内閣およびこれを{1}した国会の高度の政治的ないし{2}判断と表裏をなす。一見極めて{3}に違憲無効であると認められない限りは、裁判所の司法裁判権の範囲外のものである。	主権	承認	自由裁量的	明白
行政法 / 行政代執行法	行政代執行法	行政代執行法第6条	代執行に要した費用は、{0}の例により、これを徴収することができる。	国税滞納処分			
行政法 / 行政代執行法	行政代執行法	行政代執行法第6条	代執行に要した費用については、行政庁は、国税及び地方税に次ぐ順位の{0}を有する。	先取特権			
行政法 / 行政手続法	申請に対する処分	行政手続法第6条	行政庁は、申請がその事務所に{0}してから当該申請に対する処分をするまでに通常要すべき{1}な期間を定めるよう努める。	到達	標準的		
行政法 / 行政手続法	申請に対する処分	行政手続法第8条	行政庁は、申請により求められた許認可等を拒否する処分をする場合は、申請者に対し、{0}、当該処分の{1}を示さなければならない。	同時に	理由		
行政法 / 行政手続法	申請に対する処分	行政手続法第8条2項	行政手続法第8条2項：理由の提示は{0}でするときは、同項の理由は、{0}により示さなければならない。	書面			
行政法 / 行政手続法	申請に対する処分	行政手続法第10条	行政庁は、申請に対する処分であって、申請者以外の者の利害を考慮すべきことが当該法令において{0}の要件とされているものを行う場合には、{1}の開催その他の適当な方法により意見を聴く機会を設ける。	許認可等	公聴会		
行政法 / 行政手続法	聴聞	行政手続法第21条	当事者又は参加人は、聴聞の期日への出頭に代えて、{0}に対し、聴聞の期日までに{1}及び{2}を提出することができる。	主宰者	陳述書	証拠書類等	
行政法 / 行政手続法	聴聞	行政手続法第24条	{0}は、聴聞の審理の経過を記載した{1}を作成し、当該{1}において、不利益処分の原因となる事実に対する当事者及び参加人の{2}を明らかにしておかなければならない。	主宰者	調書	陳述の要旨	
行政法 / 行政手続法	行政指導	行政手続法第35条	行政指導に携わる者は、その相手方に対して、当該行政指導の{0}及び{1}並びに{2}を明確に示さなければならない。	趣旨	内容	責任者	
行政法 / 行政手続法	行政指導	行政手続法第36条	複数の者を対象とする行政指導をしようとするときは、行政機関は、あらかじめ、事案に応じ、{0}を定め、かつ、行政上特別の支障がない限り、これを{1}しなければならない。	行政指導指針	公表		
行政法 / 行政手続法	意見公募手続	行政手続法第39条	命令等制定機関は、命令等を定めようとする場合には、意見の{0}及び意見の提出のための期間を定めて広く一般の意見を求めなければならない。	提出先			
行政法 / 行政手続法	意見公募手続	行政手続法第39条2項	意見公募手続により公示する命令等の案は、{0}かつ明確な内容のものであって、当該命令等の{1}及び当該命令等を定める根拠となる法令の条項が明示されたものでなければならない。	具体的	題名		
行政法 / 行政手続法	意見公募手続	行政手続法第39条3項	意見提出期間は、同項の公示の日から起算して{0}以上でなければならない。	30日			
行政法 / 行政不服審査法	総則	行政不服審査法第1条	行政不服審査法は、国民の{0}の救済を図るとともに、行政の{1}な運営を確保することを目的とする。	権利利益	適正		
行政法 / 行政不服審査法	総則	行政不服審査法第3条	法令に基づき行政庁に対して処分についての{0}をした者は、当該{0}から{1}が経過したにもかかわらず、行政庁の不作為がある場合には、審査請求をすることができる。	申請	相当の期間		
行政法 / 行政不服審査法	総則	行政不服審査法第5条	行政庁の処分につき処分庁以外の行政庁に対して審査請求をすることができる場合において、法律に{0}をすることができる旨の定めがあるときは、処分庁に対して{0}をすることができる。	再調査の請求			
行政法 / 行政不服審査法	総則	行政不服審査法第6条	行政庁の処分につき{0}に{1}をすることができる旨の定めがある場合には、当該処分についての審査請求の裁決に不服がある者は、{1}をすることができる。	法律	再審査請求		
行政法 / 行政不服審査法	審査請求の期間	行政不服審査法第18条	処分についての審査請求は、処分があったことを知った日の翌日から起算して{0}以内にしなければならない。	3月			
行政法 / 行政不服審査法	審査請求の期間	行政不服審査法第18条2項	処分についての審査請求は、処分の日から{0}を経過したときは、することができない。ただし、{1}があるときは、この限りでない。	1年	正当な理由		
行政法 / 行政不服審査法	審理手続	行政不服審査法第19条	審査請求は、他の法律に口頭ですることができる旨の定めがある場合を除き、政令で定めるところにより、{0}を提出してしなければならない。	審査請求書			
行政法 / 行政不服審査法	審理手続	行政不服審査法第29条	審理員は、審査庁から指名されたときは、直ちに、{0}又は審査請求録取書の写しを処分庁等に送付しなければならない。	審査請求書			
行政法 / 行政不服審査法	審理手続	行政不服審査法第29条2項	審理員は、{0}を定めて、処分庁等に対し、{1}の提出を求めるものとする。	相当の期間	弁明書		
行政法 / 行政不服審査法	裁決	行政不服審査法第45条	処分についての審査請求が法定の期間経過後にされたものである場合には、審査庁は、裁決で、当該審査請求を{0}する。	却下			
行政法 / 行政不服審査法	裁決	行政不服審査法第45条2項	処分についての審査請求が理由がない場合には、審査庁は、裁決で、当該審査請求を{0}する。	棄却			
行政法 / 行政不服審査法	教示	行政不服審査法第82条	行政庁は、不服申立てをすることができる処分をする場合には、処分の相手方に対し、不服申立てをすべき行政庁及び不服申立てをすることができる期間を{0}で{1}しなければならない。	書面	教示		
行政法 / 行政事件訴訟法	訴訟類型	行政事件訴訟法第4条	この法律において「当事者訴訟」とは、当事者間の法律関係を確認し又は形成する処分又は裁決に関する訴訟で{0}によりその法律関係の当事者の一方を被告とするもの及び{1}上の法律関係に関する訴訟をいう。	法令の規定	公法		
行政法 / 行政事件訴訟法	訴訟類型	行政事件訴訟法第5条	この法律において「民衆訴訟」とは、国又は公共団体の機関の{0}に適合しない行為の是正を求める訴訟をいう。	法規			
行政法 / 行政事件訴訟法	取消訴訟	行政事件訴訟法第9条	取消訴訟の原告適格：当該処分又は裁決の取消しを求めるにつき{0}を有する者に限り、提起することができる。	法律上の利益			
行政法 / 行政事件訴訟法	取消訴訟	行政事件訴訟法第10条	取消訴訟においては、自己の{0}に関係のない{1}を理由として取消しを求めることができない。	法律上の利益	違法		
行政法 / 行政事件訴訟法	取消訴訟	行政事件訴訟法第14条	取消訴訟は、処分又は裁決があったことを知つた日から{0}を経過したときは、提起することができない。	6箇月			
行政法 / 行政事件訴訟法	取消訴訟	行政事件訴訟法第30条	行政庁の裁量処分については、{0}の範囲をこえ又はその{1}があつた場合に限り、裁判所は、その処分を取り消すことができる。	裁量権	濫用		
行政法 / 行政事件訴訟法	差止めの訴え	行政事件訴訟法第37条の4	差止めの訴えは、一定の処分又は裁決がされることにより{0}を生ずるおそれがある場合に限り、提起することができる。ただし、その損害を避けるため他に{1}があるときは、この限りでない。	重大な損害	適当な方法		
行政法 / 行政事件訴訟法	判例	最判平1.2.17（原告適格）	【判例】処分の取消しを求めるにつき「{0}を有する者」とは、当該処分により自己の権利若しくは{1}を侵害され又は必然的に侵害されるおそれのある者をいい、当該処分の根拠法規が{2}の中に吸収解消させるにとどめず、{3}としても保護する趣旨を含む場合にはこれに当たる。	法律上の利益	法律上保護された利益	一般的公益	個別的利益
行政法 / 行政事件訴訟法	判例	最判平21.2.27（訴えの利益）	【判例】処分が判決確定前にその効果を失った場合でも、処分を受けたことにより{0}な法的不利益が残存するときは、なお処分の取消しを求める{1}の利益がある。	客観的	訴え		
民法	総則・権利能力	民法第3条の2	法律行為の当事者が意思表示をした時に意思能力を有しなかったときは、その法律行為は、{0}とする。	無効			
民法	総則・権利能力	民法第1条2項	権利の行使及び義務の履行は、{0}に従い、{1}に、これをしなければならない。	信義	誠実		
民法	総則・権利能力	民法第1条3項	{0}の濫用は、これを許さない。	権利			
民法	制限行為能力者	民法第5条	未成年者が法律行為をするには、その{0}の{1}を得なければならない。	法定代理人	同意		
民法	制限行為能力者	民法第9条	成年被後見人の法律行為は、{0}ことができる。ただし、日用品の購入その他{1}に関する行為については、この限りでない。	取り消す	日常生活		
民法	制限行為能力者	民法第20条	制限行為能力者の相手方は、その制限行為能力者が行為能力者となった後、その者に対し、{0}以上の期間を定めて、その期間内にその取り消すことができる行為を追認するかどうかを確答すべき旨の{1}をすることができる。	1箇月	催告		
民法	制限行為能力者	民法第21条	制限行為能力者が{0}であることを信じさせるため{1}を用いたときは、その行為を取り消すことができない。	行為能力者	詐術		
民法	意思表示	民法第93条（心裡留保）	意思表示は、表意者がその{0}ではないことを知ってしたときであっても、そのためにその効力を妨げられない。ただし、相手方がその意思表示が表意者の真意ではないことを知り、又は知ることができたときは、その意思表示は、{1}とする。	真意	無効		
民法	意思表示	民法第94条	相手方と通じてした虚偽の意思表示は、{0}とする。	無効			
民法	意思表示	民法第94条2項	虚偽表示の無効は、{0}に対抗することができない。	善意の第三者			
民法	意思表示	民法第95条	意思表示は、錯誤に基づくものであって、その錯誤が{0}及び{1}に照らして重要なものであるときは、取り消すことができる。	法律行為の目的	取引上の社会通念		
民法	意思表示	民法第96条2項	相手方に対する意思表示について第三者が詐欺を行った場合においては、{0}がその事実を知り、又は知ることができたときに限り、その意思表示を取り消すことができる。	相手方			
民法	代理	民法第101条	代理人が相手方に対してした意思表示の効力が意思の不存在、錯誤、詐欺、強迫又はある事情を知っていたこと若しくは知らなかったことにつき過失があったことによって影響を受けるべき場合には、その事実の有無は、{0}について決するものとする。	代理人			
民法	代理	民法第104条	委任による代理人は、本人の{0}を得たとき、又は{1}があるときでなければ、復代理人を選任することができない。	許諾	やむを得ない事由		
民法	代理	民法第108条	同一の法律行為について、相手方の代理人として、又は当事者双方の代理人としてした行為は、代理権を有しない者がした行為とみなす。ただし、{0}及び本人が{1}した行為については、この限りでない。	債務の履行	許諾		
民法	代理	民法第114条	無権代理の相手方は、本人に対し、{0}を定めて、その期間内に追認をするかどうかを確答すべき旨の{1}をすることができる。この場合において、本人がその期間内に確答をしないときは、追認を{2}したものとみなす。	相当の期間	催告	拒絶	
民法	代理	民法第115条	無権代理の相手方は、代理権を有しないでした行為について、本人の{0}がない間は、これを{1}することができる。ただし、契約の時において代理権を有しないことを相手方が{2}ときは、この限りでない。	追認	取り消す	知っていた	
民法	代理	民法第117条	他人の代理人として契約をした者は、自己の代理権を証明したとき、又は本人の{0}を得たときを除き、相手方の選択に従い、相手方に対して{1}又は{2}の責任を負う。	追認	履行	損害賠償	
民法	時効	民法第162条（取得時効）	10年間、所有の意思をもって、{0}に、かつ、{1}に他人の物を占有した者は、その所有権を取得する。	平穏	公然		
民法	時効	民法第144条	時効の効力は、その{0}にさかのぼる。	起算日			
民法	時効	民法第145条	時効は、{0}が{1}しなければ、裁判所がこれによって裁判をすることができない。	当事者	援用		
民法	時効	民法第166条（消滅時効）	債権は、債権者が権利を行使することができることを知った時から{0}間行使しないときは、時効によって消滅する。権利を行使することができる時から{1}間行使しないときも、同様とする。	5年	10年		
民法	物権	民法第176条	物権の設定及び移転は、当事者の{0}のみによって、その効力を生ずる。	意思表示			
民法	物権	民法第188条	占有者が占有物について行使する権利は、{0}に行使するものと推定する。	適法			
民法	物権	民法第184条（指図による占有移転）	代理人によって占有をする場合において、本人がその代理人に対して以後{0}のためにその物を占有することを命じ、その第三者がこれを{1}したときは、その第三者は、占有権を取得する。	第三者	承諾		
民法	物権	民法第186条	占有者は、{0}をもって、{1}に、{2}に、かつ、{3}に占有をするものと推定する。	所有の意思	善意	平穏	公然
民法	物権	民法第189条	善意の占有者は、占有物から生ずる{0}を取得する。	果実			
民法	物権	民法第192条（即時取得）	取引行為によって、平穏に、かつ、公然と動産の占有を始めた者は、善意であり、かつ、{0}がないときは、即時にその動産について行使する権利を取得する。	過失			
民法	物権	民法第193条	即時取得の規定の適用については、占有物が{0}又は遺失物であるときは、被害者又は遺失者は、{1}又は遺失の時から{2}間、占有者に対してその物の回復を請求することができる。	盗品	盗難	2年	
民法	物権	民法第194条	占有者が占有物について{0}又は遺失物であるときは、被害者又は遺失者は、占有者が{1}又は{2}からこれを買い受けたときは、被害者又は遺失者は、占有者が支払った{3}しなければ、その物を回復することができない。	盗品	競売	公の市場	代価を弁償
民法	物権	民法第198条（占有保持の訴え）	占有者がその占有を妨害されたときは、{0}の訴えにより、その{1}及び{2}を請求することができる。	占有保持	妨害の停止	損害の賠償	
民法	物権	民法第199条（占有保全の訴え）	占有者がその占有を妨害されるおそれがあるときは、{0}の訴えにより、その{1}又は{2}の担保を請求することができる。	占有保全	妨害の予防	損害賠償	
民法	物権	民法第200条（占有回収の訴え）	占有者がその占有を奪われたときは、{0}の訴えにより、その{1}及び{2}を請求することができる。	占有回収	物の返還	損害の賠償	
民法	物権	民法第242条（不動産の付合）	分離すれば価格を著しく{0}し、又は{1}を要する動産が、不動産に付合したときは、不動産の所有者は、その動産の所有権を取得する。	損傷	過分の費用		
民法	物権	民法第244条	付合した動産について主従の区別をすることができないときは、各動産の所有者は、その{0}の時における{1}の割合でその合成物を{2}する。	付合	価格	共有	
民法	共有	民法第249条	各共有者は、共有物の{0}に従い、共有物の全部について、その持分に応じた{1}をすることができる。	性質	使用		
民法	共有	民法第253条	各共有者は、その持分に応じ、管理の費用を支払い、その他共有物に関する負担を負う。共有者が1年以内に前項の義務を履行しないときは、他の共有者は、{0}してその者の持分を取得することができる。	相当の償金を支払			
民法	共有	民法第251条	各共有者は、共有物の{0}を加えることができない。ただし、その{1}又は{2}の著しい変更を伴わないものについては、各共有者の持分の価格の過半数で決する。	変更	形状	効用	
民法	共有	民法第252条	共有物の{0}に関する事項は、各共有者の持分の価格に従い、その{1}で決する。ただし、{2}は、各共有者がすることができる。	管理	過半数	保存行為	
民法	共有	民法第255条	共有者の一人が、その持分を放棄したとき、又は死亡して相続人がないときは、その持分は、他の{0}に帰属する。	共有者			
民法	担保物権	民法第295条	留置権は、{0}の物を占有している者が、その物に関して生じた債権を有するときに、その債権の弁済を受けるまで、その物を留置する権利である。ただし、その債権が{1}でないとき、又は占有が{2}によって始まった場合には適用しない。	他人	弁済期にない	不法行為	
民法	担保物権	民法第298条	留置権者は、{0}の注意をもって、留置物を占有しなければならない。留置権者は、債務者の承諾を得なければ、留置物を使用し、賃貸し、又は担保に供することができない。ただし、その物の{1}に{2}な使用をすることは、この限りでない。	善良な管理者	保存	必要	
民法	担保物権	民法第297条	留置権者は、留置物から生ずる{0}を収取し、他の債権者に先立って、これを自己の債権の弁済に充当することができる。	果実			
民法	担保物権	民法第369条	抵当権者は、債務者又は第三者が占有を移転しないで{0}に供した不動産について、他の債権者に先立って自己の債権の弁済を受ける権利を有する。	債務の担保			
民法	担保物権	民法第352条（動産質の対抗要件）	動産質権者は、{0}して質物を占有しなければ、その質権をもって第三者に対抗することができない。	継続			
民法	担保物権	民法第353条	質権者は、質物の{0}の訴えのみによって、その質物の回復をすることができる。	占有回収			
民法	担保物権	民法第369条	抵当権者は、債務者又は第三者が{0}を移転しないで債務の担保に供した{1}について、他の債権者に先立って自己の債権の弁済を受ける権利を有する。抵当権は{2}及び{3}についても設定することができる。	占有	不動産	地上権	永小作権
民法	担保物権	民法第370条	抵当権は、抵当地の上に存する{0}を除き、その目的である不動産に{1}して{2}をなしている物に及ぶ。ただし、{3}に別段の定めがあるときは、この限りでない。	建物	付加	一体	設定行為
民法	担保物権	民法第371条	抵当権は、その担保する債権について{0}があったときは、その後に生じた抵当不動産の果実に及ぶ。	不履行			
民法	担保物権	民法第388条（法定地上権）	土地及びその上に存する建物が同一の所有者に属する場合において、その土地又は建物につき抵当権が設定され、その実行により所有者を異にするに至ったときは、その建物について、{0}が設定されたものとみなす。	地上権			
民法	担保物権	民法第389条	抵当権の{0}後に抵当地に建物が築造されたときは、抵当権者は、{1}とともにその建物を競売することができる。	設定	土地		
民法	債権総論	民法第401条	種類債権の目的物の品質を定めることができないときは、債務者は{0}の品質を有する物を給付しなければならない。種類債権の目的物が特定するのは、債務者が物の給付をするのに必要な行為を{1}し、又は債権者の{2}を得てその給付すべき物を{3}したときである。	中等	完了	同意	指定
民法	債権総論	民法第400条	債権の目的が特定物の引渡しであるときは、債務者は、その引渡しをするまで、契約その他の債権の発生原因及び取引上の社会通念に照らして定まる{0}の注意をもって、その物を保存しなければならない。	善良な管理者			
民法	債権総論	民法第415条	債務者がその債務の{0}に従った履行をしないとき又は債務の履行が不能であるときは、債権者は、これによって生じた損害の賠償を請求することができる。	本旨			
民法	債権総論	民法第416条	債務の不履行に対する損害賠償の請求は、これによって{0}に生ずべき損害の賠償をさせることをその目的とする。	通常			
民法	債権総論	民法第418条（過失相殺）	債務の不履行又はこれによる損害の発生若しくは拡大に関して債権者に{0}があったときは、裁判所は、これを考慮して、損害賠償の責任及びその額を定める。	過失			
民法	責任財産の保全	民法第423条（債権者代位権）	債権者は、自己の債権を保全するため必要があるときは、債務者に属する権利を行使することができる。ただし、債務者の{0}に専属する権利は、この限りでない。	一身			
民法	責任財産の保全	民法第424条（詐害行為取消請求）	債権者は、債務者が債権者を害することを知ってした行為の取消しを{0}に請求することができる。ただし、{1}を目的としない行為については、この限りでない。	裁判所	財産権		
民法	責任財産の保全	民法第424条の7	詐害行為取消請求に係る訴えについては、受益者に対する訴えは{0}を被告とし、転得者に対する訴えはその相手方である{1}を被告とする。	受益者	転得者		
民法	連帯債務	民法第436条	債務の目的がその性質上{0}である場合において、{1}又は{2}によって数人が連帯して債務を負担するときは、債権者は、その連帯債務者の一人に対し、又は全ての連帯債務者に対し、全部又は一部の履行を請求することができる。	可分	法令の規定	当事者の意思表示	
民法	連帯債務	民法第439条	連帯債務者の一人が債権者に対して債権を有する場合において、その連帯債務者が{0}を援用したときは、債権は、全ての連帯債務者の利益のために消滅する。	相殺			
民法	連帯債務	民法第442条	連帯債務者の一人が弁済をし、その他自己の財産をもって共同の免責を得たときは、その連帯債務者は、その免責を得た額が自己の負担部分を超えるかどうかにかかわらず、他の連帯債務者に対し、各自の負担部分に応じた額の{0}を有する。	求償権			
民法	保証債務	民法第446条	保証人は、{0}がその債務を履行しないときに、その履行をする責任を負う。	主たる債務者			
民法	保証債務	民法第446条2項	保証契約は、{0}でしなければ、その効力を生じない。	書面			
民法	保証債務	民法第446条3項	保証契約がその内容を記録した{0}によってされたときは、その保証契約は、書面によってされたものとみなす。	電磁的記録			
民法	保証債務	民法第450条	債務者が保証人を立てる義務を負う場合には、その保証人は、{0}であること、{1}を有することの要件を具備する者でなければならない。	行為能力者	弁済をする資力		
民法	債権譲渡	民法第466条	債権は、譲り渡すことができる。ただし、その{0}がこれを許さないときは、この限りでない。	性質			
民法	債権譲渡	民法第466条2項	当事者が債権の譲渡を禁止し、又は制限する旨の{0}をしたときであっても、債権の譲渡は、その効力を妨げられない。	意思表示			
民法	債権譲渡	民法第467条	債権の譲渡は、譲渡人が債務者に{0}をし、又は債務者が{1}をしなければ、債務者その他の第三者に対抗することができない。	通知	承諾		
民法	債権譲渡	民法第467条2項	債権譲渡の対抗要件として、債務者以外の第三者に対抗するには、通知又は承諾は、{0}によってしなければならない。	確定日付のある証書			
民法	弁済	民法第474条	弁済をするについて{0}を有する者でない第三者は、債務者の意思に反して弁済をすることができない。	正当な利益			
民法	弁済	民法第483条	債権の目的が特定物の引渡しである場合において、契約その他の債権の発生原因及び取引上の社会通念に照らしてその引渡しをすべき時の品質を定めることができないときは、弁済をする者は、その引渡しをすべき時の{0}でその物を引き渡さなければならない。	現状			
民法	弁済	民法第484条	弁済をすべき場所について別段の意思表示がないときは、特定物の引渡しは{0}の時にその物が存在した場所において、その他の弁済は{1}においてしなければならない。	債権発生	債権者の現在の住所		
民法	弁済	民法第493条	弁済の提供は、債務の本旨に従って現実にしなければならない。ただし、債権者があらかじめその受領を拒み、又は債務の履行について債権者の行為を要するときは、弁済の{0}をしたことを{1}してその受領の{2}をすれば足りる。	準備	通知	催告	
民法	相殺	民法第505条	2人が互いに{0}を有する債務を負担する場合において、双方の債務が{1}にあるときは、各債務者は、その対当額について相殺によってその債務を免れることができる。	同種の目的	弁済期		
民法	相殺	民法第506条	相殺は、当事者の一方から相手方に対する意思表示によってする。この場合において、その意思表示には、{0}又は{1}を付することができない。	条件	期限		
民法	相殺	民法第511条	差押えを受けた債権の第三債務者は、{0}に取得した債権による相殺をもって差押債権者に対抗することはできないが、{1}に取得した債権による相殺をもって対抗することができる。	差押え後	差押え前		
民法	契約の解除	民法第540条	契約又は法律の規定により当事者の一方が解除権を有するときは、その解除は、相手方に対する{0}によってする。	意思表示			
民法	契約の解除	民法第540条2項	解除の意思表示は、{0}することができない。	撤回			
民法	契約の解除	民法第541条	当事者の一方がその債務を履行しない場合において、相手方が{0}を定めてその履行の{1}をし、その期間内に履行がないときは、相手方は、契約の解除をすることができる。	相当の期間	催告		
民法	売買契約	民法第562条	引き渡された目的物が種類、品質又は数量に関して{0}に適合しないものであるときは、買主は、売主に対し、目的物の修補、代替物の引渡し又は不足分の引渡しによる{1}を請求することができる。	契約の内容	履行の追完		
民法	売買契約	民法第563条	買主が{0}を定めて{1}の{2}をし、その期間内に{1}がないときは、買主は、その不適合の程度に応じて{3}を請求することができる。	相当の期間	履行の追完	催告	代金の減額
民法	売買契約	民法第566条	売主が{0}又は{1}に関して契約の内容に適合しない目的物を買主に引き渡した場合において、買主がその不適合を知った時から{2}以内にその旨を売主に{3}しないときは、買主は、その不適合を理由として、履行の追完の請求、代金の減額の請求、損害賠償の請求及び契約の解除をすることができない。	種類	品質	1年	通知
民法	賃貸借契約	民法第601条	賃貸借は、当事者の一方がある物の{0}を相手方にさせることを約し、相手方がこれに対してその{1}を支払うことを約することによって、その効力を生ずる。	使用及び収益	賃料		
民法	賃貸借契約	民法第608条	賃借人は、賃借物について賃貸人の負担に属する{0}を支出したときは、賃貸人に対し、直ちにその償還を請求することができる。	必要費			
民法	賃貸借契約	民法第608条2項	賃借人が賃借物について{0}を支出したときは、賃貸人は、賃貸借の終了の時に、第196条第2項の規定に従い、その償還をしなければならない。ただし、裁判所は、賃貸人の請求により、その償還について{1}を許与することができる。	有益費	相当の期限		
民法	賃貸借契約	民法第612条	賃借人は、{0}を得なければ、その賃借権を譲り渡し、又は賃借物を転貸することができない。	賃貸人の承諾			
民法	賃貸借契約	民法第612条2項	賃借人が前項の規定に違反して第三者に賃借物の使用又は収益をさせたときは、賃貸人は、{0}をすることができる。	契約の解除			
民法	賃貸借契約	民法第613条	賃借人が適法に賃借物を転貸したときは、転借人は、賃貸人と賃借人との間の賃貸借に基づく{0}の範囲を限度として、賃貸人に対して{1}に基づく債務を直接履行する義務を負う。この場合においては、賃料の{2}をもって賃貸人に対抗することができない。	賃借人の債務	転貸借	前払	
民法	請負契約	民法第633条	報酬は、仕事の目的物の{0}と同時に、支払わなければならない。	引渡し			
民法	請負契約	民法第641条	請負人が{0}しない間は、注文者は、いつでも{1}して契約の解除をすることができる。	仕事を完成	損害を賠償		
民法	委任契約	民法第644条	受任者は、{0}に従い、{1}の注意をもって、委任事務を処理する義務を負う。	委任の本旨	善良な管理者		
民法	委任契約	民法第651条	委任の解除をした者は、相手方の{0}をしなければならない。ただし、{1}があったときは、この限りでない。	損害を賠償	やむを得ない事由		
民法	事務管理	民法第698条（緊急事務管理）	管理者は、本人の身体、名誉又は財産に対する{0}を免れさせるために事務管理をしたときは、{1}又は{2}があるのでなければ、これによって生じた損害を賠償する責任を負わない。	急迫の危害	悪意	重大な過失	
民法	事務管理	民法第700条	管理者は、本人又はその相続人若しくは法定代理人が管理をすることができるに至るまで、事務管理を継続しなければならない。ただし、事務管理の継続が{0}に反し、又は{1}であることが明らかであるときは、この限りでない。	本人の意思	本人に不利		
民法	事務管理	民法第702条	管理者は、本人のために{0}を支出したときは、本人に対し、その{1}を請求することができる。	有益な費用	償還		
民法	不当利得	民法第703条	{0}なく他人の財産又は労務によって{1}を受け、そのために他人に{2}を及ぼした者は、その利益の存する限度において、これを返還する義務を負う。	法律上の原因	利益	損失	
民法	不当利得	民法第704条	悪意の受益者は、その受けた利益に{0}を付して返還しなければならない。	利息			
民法	不当利得	民法第706条	債務者は、{0}にない債務の弁済として給付をしたときは、その給付したものの返還を請求することができない。ただし、債務者が{1}によってその給付をしたときは、債権者は、これによって得た利益を返還しなければならない。	弁済期	錯誤		
民法	不当利得	民法第707条	債務者でない者が錯誤によって債務の弁済をした場合において、債権者が{0}で{1}を滅失させ若しくは損傷し、{2}を放棄し、又は{3}によってその債権を失ったときは、その弁済をした者は、返還の請求をすることができない。	善意	証書	担保	時効
民法	不法行為	民法第709条	{0}又は{1}によって他人の権利又は{2}を侵害した者は、これによって生じた損害を賠償する責任を負う。	故意	過失	法律上保護される利益	
民法	不法行為	民法第712条	未成年者は、他人に損害を加えた場合において、自己の行為の{0}を弁識するに足りる知能を備えていなかったときは、その行為について賠償の{0}を負わない。	責任			
民法	不法行為	民法第713条	精神上の障害により自己の行為の{0}を弁識する能力を欠く状態にある間に他人に損害を加えた者は、その賠償の{0}を負わない。ただし、{1}又は{2}によって{3}にその状態を招いたときは、この限りでない。	責任	故意	過失	一時的
民法	不法行為	民法第714条	責任無能力者がその責任を負わない場合において、その{0}を監督する法定の義務を負う者は、その責任無能力者が第三者に加えた損害を賠償する責任を負う。ただし、監督義務者がその義務を怠らなかったとき、又はその義務を怠らなくても損害が生ずべきであったときは、この限りでない。	責任無能力者			
民法	不法行為	民法第715条	ある事業のために他人を使用する者は、被用者がその{0}について第三者に加えた損害を賠償する責任を負う。ただし、使用者が{1}及びその{2}について{3}をしたとき、又は相当の注意をしても損害が生ずべきであったときは、この限りでない。	事業の執行	被用者の選任	事業の監督	相当の注意
民法	不法行為	民法第716条	注文者は、請負人がその仕事について第三者に加えた損害を賠償する責任を負わない。ただし、{0}又は{1}についてその注文者に{2}があったときは、この限りでない。	注文	指図	過失	
民法	不法行為	民法第717条	土地の工作物の設置又は保存に{0}があることによって他人に{1}を生じたときは、その工作物の占有者は、被害者に対してその損害を賠償する責任を負う。ただし、占有者が{2}をしたときは、所有者がその損害を賠償しなければならない。	瑕疵	損害	必要な注意	
民法	不法行為	民法第719条	数人が共同の不法行為によって他人に損害を加えたときは、各自が{0}してその損害を賠償する責任を負う。	連帯			
民法	不法行為	民法第719条2項	行為者を{0}した者及び{1}した者は、共同行為者とみなして、共同不法行為の規定を適用する。	教唆	幇助		
民法	不法行為	民法第724条	不法行為による損害賠償の請求権は、被害者又はその法定代理人が損害及び加害者を知った時から{0}間行使しないときは、時効によって消滅する。	3年			
民法	婚姻	民法第742条	婚姻は、次に掲げる場合に限り、無効とする。一 人違いその他の事由によって当事者間に婚姻をする{0}がないとき。二 当事者が婚姻の{1}をしないとき。	意思	届出		
民法	婚姻	民法第747条	詐欺又は強迫によって婚姻をした者は、その婚姻の取消しを{0}に請求することができる。	家庭裁判所			
民法	婚姻	民法第748条	婚姻の取消しは、{0}その効力を生ずる。	将来に向かってのみ			
民法	離婚・親権	民法第766条	父母が協議上の離婚をするときは、子の監護をすべき者、父又は母と子との面会及びその他の交流、子の監護に要する費用の分担その他の子の監護について必要な事項は、その{0}で定める。この場合においては、{1}を最も優先して考慮しなければならない。	協議	子の利益		
民法	離婚・親権	民法第768条	協議上の離婚をした者の一方は、相手方に対して{0}を請求することができる。{1}が整わないとき、又は協議をすることができないときは、当事者は、{2}に対して協議に代わる処分を請求することができる。ただし、離婚の時から{3}を経過したときは、この限りでない。	財産の分与	協議	家庭裁判所	5年
民法	離婚・親権	民法第819条	父母が協議上の離婚をするときは、その{0}で、その{1}を親権者と定める。	協議	双方又は一方		
民法	親子	民法第772条	妻が婚姻中に懐胎した子は、{0}における夫の子と推定する。	当該婚姻			
民法	親子	民法第772条2項	婚姻の成立の日から{0}以内に生まれた子は、婚姻前に懐胎したものと推定し、婚姻の成立の日から{0}を経過した後又は婚姻の解消若しくは取消しの日から{1}以内に生まれた子は、婚姻中に懐胎したものと推定する。	200日	300日		
民法	親子	民法第774条	第772条の規定により子の父が定められる場合において、{0}は、子が嫡出であることを否認することができる。	父又は子			
民法	親子	民法第774条・775条	{0}は、{1}により、子が嫡出であることを否認することができる。子の否認権については、親権を行う{2}又は{3}がこれを行う。	父又は子	嫡出否認の訴え	母	特別代理人
民法	親子	民法第777条	嫡出否認の訴えは、それぞれ当該各号に定める時から{0}以内に提起しなければならない。一 父の否認権 {1}時	3年	父が子の出生を知った		
民法	相続	民法第915条	相続人は、自己のために{0}があったことを知った時から{1}以内に、相続について、単純若しくは限定の承認又は放棄をしなければならない。	相続の開始	3箇月		
民法	相続	民法第939条	相続の放棄をした者は、その相続に関しては、初めから相続人とならなかったものと{0}。	みなす			
民法	遺言	民法第961条	{0}に達した者は、遺言をすることができる。	15歳			
民法	遺言	民法第973条	成年被後見人が事理を弁識する能力を一時回復した時において遺言をするには、{0}の立会いがなければならない。医師は、遺言者が遺言をする時において{1}により事理を弁識する能力を欠く状態になかった旨を遺言書に付記しなければならない。この規定は{2}遺言には適用しない。	医師2人以上	精神上の障害	秘密証書	
民法	遺言	民法第987条	遺贈義務者その他の利害関係人は、受遺者に対し、{0}を定めて、その期間内に遺贈の承認又は放棄をすべき旨の{1}をすることができる。この場合において、受遺者がその期間内に遺贈義務者に対してその意思を表示しないときは、遺贈を{2}したものとみなす。	相当の期間	催告	承認	
民法	遺言	民法第1004条	遺言書の保管者は、相続の開始を知った後、遅滞なく、これを{0}に提出して、その{1}を請求しなければならない。	家庭裁判所	検認		
民法	民法判例	最判昭43.10.8（土地賃借権の取得時効）	【判例】土地の{0}という{1}が存在し、かつ、それが{2}に基づくことが{3}されているときは、土地賃借権を時効により取得することができる。	継続的な用益	外形的事実	賃借の意思	客観的に表現
民法	民法判例	最判平18.1.17（背信的悪意者）	【判例】不動産の取得時効完成後に第三者が所有権移転登記をした場合において、時効取得者が多年にわたり当該不動産を占有している事実を{0}しており、時効取得者の{1}を主張することが信義則に反すると認められるときは、当該第三者は{2}に当たる。	認識	登記の欠缺	背信的悪意者	
民法	民法判例	最判平1.11.24（共有者の一人が死亡した場合）	【判例】共有者の一人が死亡し、{0}が確定したときは、その共有持分は、他の相続財産とともに、958条の2の規定に基づく{1}に対する財産分与の対象となる。	相続人の不存在	特別縁故者		
民法	民法判例	最大判平11.11.24（抵当権に基づく妨害排除請求）	【判例】抵当権者は、抵当不動産の{0}の実現が妨げられ、抵当権者の{1}の行使が困難となる場合には、抵当権に基づく妨害排除請求をすることができる。	交換価値	優先弁済請求権		
民法	民法判例	最判昭49.3.7（債権の二重譲渡）	【判例】債権が二重に譲渡された場合、譲受人相互の間の優劣は、{0}による{1}が債務者に{2}した日の先後によって決すべきである。	確定日付のある証書	通知	到達	
民法	民法判例	最判平9.2.25（賃貸借の解除と転貸借）	【判例】賃貸借が賃借人の債務不履行を理由とする解除により終了した場合、賃貸人の承諾ある転貸借は、原則として、賃貸人が転借人に対して{0}を請求した時に、転貸人の転借人に対する債務の{1}により終了する。	目的物の返還	履行不能		
民法	民法判例	最判昭51.7.8（使用者の求償権の範囲）	【判例】使用者の被用者に対する求償は、諸般の事情に照らし、{0}という見地から{1}上相当と認められる限度に制限される。	損害の公平な分担	信義則		
民法	民法判例	最判昭42.6.27（被害者側の過失）	【判例】過失相殺の対象となる被害者の過失には、被害者側の過失をも包含し、被害者側の過失とは、被害者本人と{0}ないしは{1}一体をなすとみられる関係にある者の過失をいう。	身分上	生活関係上		
民法	民法判例	最判昭44.12.18（日常家事代理権と表見代理）	【判例】夫婦の一方が761条所定の日常の家事に関する代理権の範囲を越えて第三者と法律行為をした場合においては、その行為がその夫婦の{0}の範囲内に属すると信ずるにつき{1}のあるときに限り、110条の趣旨を類推して第三者の保護を図れば足りる。	日常の家事に関する法律行為	正当な理由		
民法	民法判例	最判平13.11.22（遺留分侵害額請求権の代位行使）	【判例】遺留分侵害額請求権は、権利者がこれを行使する{0}な意思を{1}した時に初めて行使することができる。遺留分侵害額請求権は一身専属的権利であるから、権利者が行使の意思を表明しない限り、債権者がこれを代位行使することはできない。	確定的	外部に表明		
民法	民法判例	最判平7.9.19（転用物訴権）	【判例】転用物訴権の事案において、契約関係の{0}についてみて給付が{1}なしに行われたと認められるときには、不当利得返還請求は認められない。	全体	対価関係		
民法	民法判例	最判昭49.3.22（責任能力ある未成年者と監督義務者の責任）	【判例】責任能力のある未成年者が不法行為をした場合、監督義務者の義務違反と当該未成年者の不法行為によって生じた{0}との間に{1}があるときは、監督義務者は民法709条により賠償責任を負う。	結果	相当因果関係		
行政法 / 国家賠償・損失補償	国家賠償法1条	最判昭60.11.21（在宅投票制度廃止事件）	【判例】国会議員の立法行為は、本質的に{0}なものであって、その当否は国民の判断に委ねられるべきものであり、仮に立法の内容が憲法に違反するものであるとしても、直ちに国家賠償法上{1}な評価を受けるものではない。ただし、立法の内容が憲法の{2}な文言に違反しているにもかかわらず国会があえて当該立法を行う場合は除かれる。	政治的	法的	一義的	
行政法 / 国家賠償・損失補償	国家賠償法2条	最判昭45.8.20（高知落石事件）	【判例】国家賠償法2条1項の営造物の設置又は管理の瑕疵とは、営造物が通常有すべき{0}を欠いていることをいい、賠償責任については、その管理者の{1}の存在を必要としない。	安全性	過失		
行政法 / 国家賠償・損失補償	国家賠償法2条	最判昭59.1.26（多摩川水害訴訟）	【判例】河川の管理についての瑕疵の有無は、過去の水害の規模・頻度・発生原因等の諸般の事情を総合的に考慮し、{0}の有無と{1}の可能性に照らして判断すべきであり、改修の{2}としての{3}の有無によって決すべきである。	予測	回避	段階	瑕疵
行政法 / 国家賠償・損失補償	損失補償	最大判昭28.12.23（農地改革事件）	【判例】憲法29条3項にいう{0}とは、その当時の経済状態において成立すると考えられる価格に基づき{1}に算出された{2}な額をいう。	正当な補償	合理的	相当	
行政法 / 国家賠償・損失補償	損失補償	最判昭48.10.18（土地収用法における損失補償）	【判例】公共のために私有財産を収用する場合の損失補償は、{0}を課された者に対して{1}をすべきであり、収用の前後を通じて被収用者の財産価値を等しくならしめるような補償をなすべきである。	特別な犠牲	完全な補償		
商法・会社法	設立	会社法第26条	株式会社の設立に際して、発起人は{0}を作成しなければならない。	定款			
商法・会社法	株式	会社法第107条	株式会社は、{0}の全部又は一部の株式の内容として、譲渡による当該株式の取得について当該株式会社の{1}を要する旨を定めることができる。	その発行する	承認		
商法・会社法	機関	会社法第331条	取締役会設置会社においては、取締役は{0}人以上でなければならない。	3			
商法・会社法	機関	会社法第309条	株主総会の{0}決議は、議決権を行使することができる株主の議決権の{1}以上を有する株主が出席し、出席した当該株主の議決権の{2}をもって行う。	特別	過半数	3分の2以上	
商法・会社法	持分会社	会社法第576条（趣旨）	合同会社の社員は、{0}を限度として、出資の義務を負う。	その出資の価額			